Host IP;MAC Address;OS;Operating system;Netbios;FQDN;Start;End;Credentialed;PluginID;Risk Factor;Plugin Name;Plugin Type;Plugin Family;CVSS Base Score;CVES
10.80.187.160;;;;;apc07d44b.diplobel.net;Wed Mar 18 08:23:32 2020;Wed Mar 18 08:23:41 2020;false;19506;None; 'Nessus Scan Information';summary; 'Settings' ;;
10.80.187.160;;;;;apc07d44b.diplobel.net;Wed Mar 18 08:23:32 2020;Wed Mar 18 08:23:41 2020;false;11933;None; 'Do not scan printers';remote; 'Settings' ;;
10.80.187.160;;;;;apc07d44b.diplobel.net;Wed Mar 18 08:23:32 2020;Wed Mar 18 08:23:41 2020;false;10180;None; 'Ping the remote host';remote; 'Port scanners' ;;
10.80.187.102;;;;;irmccot1hpv10.diplobel.net;Wed Mar 18 08:23:12 2020;Wed Mar 18 08:24:14 2020;false;19506;None; 'Nessus Scan Information';summary; 'Settings' ;;
10.80.187.102;;;;;irmccot1hpv10.diplobel.net;Wed Mar 18 08:23:12 2020;Wed Mar 18 08:24:14 2020;false;10180;None; 'Ping the remote host';remote; 'Port scanners' ;;
10.80.187.90;;;;;cot1sccm10.diplobel.net;Wed Mar 18 08:23:08 2020;Wed Mar 18 08:24:12 2020;false;19506;None; 'Nessus Scan Information';summary; 'Settings' ;;
10.80.187.90;;;;;cot1sccm10.diplobel.net;Wed Mar 18 08:23:08 2020;Wed Mar 18 08:24:12 2020;false;10180;None; 'Ping the remote host';remote; 'Port scanners' ;;
10.80.187.70;;;;;cot1chm10.diplobel.net;Wed Mar 18 08:23:02 2020;Wed Mar 18 08:24:12 2020;false;19506;None; 'Nessus Scan Information';summary; 'Settings' ;;
10.80.187.70;;;;;cot1chm10.diplobel.net;Wed Mar 18 08:23:02 2020;Wed Mar 18 08:24:12 2020;false;10180;None; 'Ping the remote host';remote; 'Port scanners' ;;
10.80.187.50;;;;;cot1bck10.diplobel.net;Wed Mar 18 08:23:00 2020;Wed Mar 18 08:24:05 2020;false;19506;None; 'Nessus Scan Information';summary; 'Settings' ;;
10.80.187.50;;;;;cot1bck10.diplobel.net;Wed Mar 18 08:23:00 2020;Wed Mar 18 08:24:05 2020;false;10180;None; 'Ping the remote host';remote; 'Port scanners' ;;
10.80.187.40;;;;;cot1sql01.diplobel.net;Wed Mar 18 08:22:55 2020;Wed Mar 18 08:24:01 2020;false;19506;None; 'Nessus Scan Information';summary; 'Settings' ;;
10.80.187.40;;;;;cot1sql01.diplobel.net;Wed Mar 18 08:22:55 2020;Wed Mar 18 08:24:01 2020;false;10180;None; 'Ping the remote host';remote; 'Port scanners' ;;
10.80.187.20;;;;;cot1fil10.diplobel.net;Wed Mar 18 08:22:46 2020;Wed Mar 18 08:24:01 2020;false;19506;None; 'Nessus Scan Information';summary; 'Settings' ;;
10.80.187.20;;;;;cot1fil10.diplobel.net;Wed Mar 18 08:22:46 2020;Wed Mar 18 08:24:01 2020;false;10180;None; 'Ping the remote host';remote; 'Port scanners' ;;
10.80.187.15;;;;;cot1dct10.diplobel.net;Wed Mar 18 08:22:46 2020;Wed Mar 18 08:23:57 2020;false;19506;None; 'Nessus Scan Information';summary; 'Settings' ;;
10.80.187.15;;;;;cot1dct10.diplobel.net;Wed Mar 18 08:22:46 2020;Wed Mar 18 08:23:57 2020;false;10180;None; 'Ping the remote host';remote; 'Port scanners' ;;
10.80.187.10;;;;;cot1hpv10.diplobel.net;Wed Mar 18 08:22:46 2020;Wed Mar 18 08:24:03 2020;false;19506;None; 'Nessus Scan Information';summary; 'Settings' ;;
10.80.187.10;;;;;cot1hpv10.diplobel.net;Wed Mar 18 08:22:46 2020;Wed Mar 18 08:24:03 2020;false;10180;None; 'Ping the remote host';remote; 'Port scanners' ;;
10.80.167.160;;;;;apc903369.diplobel.net;Wed Mar 18 08:22:26 2020;Wed Mar 18 08:22:43 2020;false;19506;None; 'Nessus Scan Information';summary; 'Settings' ;;
10.80.167.160;;;;;apc903369.diplobel.net;Wed Mar 18 08:22:26 2020;Wed Mar 18 08:22:43 2020;false;11933;None; 'Do not scan printers';remote; 'Settings' ;;
10.80.167.160;;;;;apc903369.diplobel.net;Wed Mar 18 08:22:26 2020;Wed Mar 18 08:22:43 2020;false;10180;None; 'Ping the remote host';remote; 'Port scanners' ;;
10.80.167.102;;;;;;Wed Mar 18 08:22:23 2020;Wed Mar 18 08:23:41 2020;false;19506;None; 'Nessus Scan Information';summary; 'Settings' ;;
10.80.167.102;;;;;;Wed Mar 18 08:22:23 2020;Wed Mar 18 08:23:41 2020;false;10180;None; 'Ping the remote host';remote; 'Port scanners' ;;
10.80.167.90;;;;;mpm1sccm10.diplobel.net;Wed Mar 18 08:22:22 2020;Wed Mar 18 08:23:41 2020;false;19506;None; 'Nessus Scan Information';summary; 'Settings' ;;
10.80.167.90;;;;;mpm1sccm10.diplobel.net;Wed Mar 18 08:22:22 2020;Wed Mar 18 08:23:41 2020;false;10180;None; 'Ping the remote host';remote; 'Port scanners' ;;
10.80.167.70;;;;;mpm1chm10.diplobel.net;Wed Mar 18 08:22:17 2020;Wed Mar 18 08:23:33 2020;false;19506;None; 'Nessus Scan Information';summary; 'Settings' ;;
10.80.167.70;;;;;mpm1chm10.diplobel.net;Wed Mar 18 08:22:17 2020;Wed Mar 18 08:23:33 2020;false;10180;None; 'Ping the remote host';remote; 'Port scanners' ;;
10.80.167.50;;;;;mpm1bck10.diplobel.net;Wed Mar 18 08:22:15 2020;Wed Mar 18 08:23:31 2020;false;19506;None; 'Nessus Scan Information';summary; 'Settings' ;;
10.80.167.50;;;;;mpm1bck10.diplobel.net;Wed Mar 18 08:22:15 2020;Wed Mar 18 08:23:31 2020;false;10180;None; 'Ping the remote host';remote; 'Port scanners' ;;
10.80.167.40;;;;;mpm1sql01.diplobel.net;Wed Mar 18 08:22:15 2020;Wed Mar 18 08:23:31 2020;false;19506;None; 'Nessus Scan Information';summary; 'Settings' ;;
10.80.167.40;;;;;mpm1sql01.diplobel.net;Wed Mar 18 08:22:15 2020;Wed Mar 18 08:23:31 2020;false;10180;None; 'Ping the remote host';remote; 'Port scanners' ;;
10.80.167.20;;;;;mpm1fil10.diplobel.net;Wed Mar 18 08:22:10 2020;Wed Mar 18 08:23:31 2020;false;19506;None; 'Nessus Scan Information';summary; 'Settings' ;;
10.80.167.20;;;;;mpm1fil10.diplobel.net;Wed Mar 18 08:22:10 2020;Wed Mar 18 08:23:31 2020;false;10180;None; 'Ping the remote host';remote; 'Port scanners' ;;
10.80.167.15;;;;;mpm1dct10.diplobel.net;Wed Mar 18 08:22:10 2020;Wed Mar 18 08:23:31 2020;false;19506;None; 'Nessus Scan Information';summary; 'Settings' ;;
10.80.167.15;;;;;mpm1dct10.diplobel.net;Wed Mar 18 08:22:10 2020;Wed Mar 18 08:23:31 2020;false;10180;None; 'Ping the remote host';remote; 'Port scanners' ;;
10.80.167.10;;;;;mpm1hpv10.diplobel.net;Wed Mar 18 08:22:10 2020;Wed Mar 18 08:23:31 2020;false;19506;None; 'Nessus Scan Information';summary; 'Settings' ;;
10.80.167.10;;;;;mpm1hpv10.diplobel.net;Wed Mar 18 08:22:10 2020;Wed Mar 18 08:23:31 2020;false;10180;None; 'Ping the remote host';remote; 'Port scanners' ;;
10.80.159.160;;;;;apc917e25.diplobel.net;Wed Mar 18 08:21:43 2020;Wed Mar 18 08:22:08 2020;false;19506;None; 'Nessus Scan Information';summary; 'Settings' ;;
10.80.159.160;;;;;apc917e25.diplobel.net;Wed Mar 18 08:21:43 2020;Wed Mar 18 08:22:08 2020;false;11933;None; 'Do not scan printers';remote; 'Settings' ;;
10.80.159.160;;;;;apc917e25.diplobel.net;Wed Mar 18 08:21:43 2020;Wed Mar 18 08:22:08 2020;false;10180;None; 'Ping the remote host';remote; 'Port scanners' ;;
10.80.159.20;;;;;bam1fil10.diplobel.net;Wed Mar 18 08:21:25 2020;Wed Mar 18 08:23:11 2020;false;19506;None; 'Nessus Scan Information';summary; 'Settings' ;;
10.80.159.20;;;;;bam1fil10.diplobel.net;Wed Mar 18 08:21:25 2020;Wed Mar 18 08:23:11 2020;false;10180;None; 'Ping the remote host';remote; 'Port scanners' ;;
10.80.155.160;;;;;apc227f0e.diplobel.net;Wed Mar 18 08:21:01 2020;Wed Mar 18 08:21:16 2020;false;19506;None; 'Nessus Scan Information';summary; 'Settings' ;;
10.80.155.160;;;;;apc227f0e.diplobel.net;Wed Mar 18 08:21:01 2020;Wed Mar 18 08:21:16 2020;false;11933;None; 'Do not scan printers';remote; 'Settings' ;;
10.80.155.160;;;;;apc227f0e.diplobel.net;Wed Mar 18 08:21:01 2020;Wed Mar 18 08:21:16 2020;false;10180;None; 'Ping the remote host';remote; 'Port scanners' ;;
10.80.155.102;;;;;;Wed Mar 18 08:20:50 2020;Wed Mar 18 08:22:03 2020;false;19506;None; 'Nessus Scan Information';summary; 'Settings' ;;
10.80.155.102;;;;;;Wed Mar 18 08:20:50 2020;Wed Mar 18 08:22:03 2020;false;10180;None; 'Ping the remote host';remote; 'Port scanners' ;;
10.80.155.90;;;;;add1sccm10.diplobel.net;Wed Mar 18 08:20:48 2020;Wed Mar 18 08:22:03 2020;false;19506;None; 'Nessus Scan Information';summary; 'Settings' ;;
10.80.155.90;;;;;add1sccm10.diplobel.net;Wed Mar 18 08:20:48 2020;Wed Mar 18 08:22:03 2020;false;10180;None; 'Ping the remote host';remote; 'Port scanners' ;;
10.80.155.70;;;;;add1chm10.diplobel.net;Wed Mar 18 08:20:45 2020;Wed Mar 18 08:22:03 2020;false;19506;None; 'Nessus Scan Information';summary; 'Settings' ;;
10.80.155.70;;;;;add1chm10.diplobel.net;Wed Mar 18 08:20:45 2020;Wed Mar 18 08:22:03 2020;false;10180;None; 'Ping the remote host';remote; 'Port scanners' ;;
10.80.155.50;;;;;add1bck10.diplobel.net;Wed Mar 18 08:20:43 2020;Wed Mar 18 08:21:57 2020;false;19506;None; 'Nessus Scan Information';summary; 'Settings' ;;
10.80.155.50;;;;;add1bck10.diplobel.net;Wed Mar 18 08:20:43 2020;Wed Mar 18 08:21:57 2020;false;10180;None; 'Ping the remote host';remote; 'Port scanners' ;;
10.80.155.40;;;;;add1sql01.diplobel.net;Wed Mar 18 08:20:42 2020;Wed Mar 18 08:21:52 2020;false;19506;None; 'Nessus Scan Information';summary; 'Settings' ;;
10.80.155.40;;;;;add1sql01.diplobel.net;Wed Mar 18 08:20:42 2020;Wed Mar 18 08:21:52 2020;false;10180;None; 'Ping the remote host';remote; 'Port scanners' ;;
10.80.155.20;;;;;add1fil10.diplobel.net;Wed Mar 18 08:20:40 2020;Wed Mar 18 08:21:43 2020;false;19506;None; 'Nessus Scan Information';summary; 'Settings' ;;
10.80.155.20;;;;;add1fil10.diplobel.net;Wed Mar 18 08:20:40 2020;Wed Mar 18 08:21:43 2020;false;10180;None; 'Ping the remote host';remote; 'Port scanners' ;;
10.80.155.15;;;;;add1dct10.diplobel.net;Wed Mar 18 08:20:40 2020;Wed Mar 18 08:21:43 2020;false;19506;None; 'Nessus Scan Information';summary; 'Settings' ;;
10.80.155.15;;;;;add1dct10.diplobel.net;Wed Mar 18 08:20:40 2020;Wed Mar 18 08:21:43 2020;false;10180;None; 'Ping the remote host';remote; 'Port scanners' ;;
10.80.155.10;;;;;add1hpv10.diplobel.net;Wed Mar 18 08:20:39 2020;Wed Mar 18 08:21:57 2020;false;19506;None; 'Nessus Scan Information';summary; 'Settings' ;;
10.80.155.10;;;;;add1hpv10.diplobel.net;Wed Mar 18 08:20:39 2020;Wed Mar 18 08:21:57 2020;false;10180;None; 'Ping the remote host';remote; 'Port scanners' ;;
10.80.151.160;;;;;apc903360.diplobel.net;Wed Mar 18 08:20:31 2020;Wed Mar 18 08:20:38 2020;false;19506;None; 'Nessus Scan Information';summary; 'Settings' ;;
10.80.151.160;;;;;apc903360.diplobel.net;Wed Mar 18 08:20:31 2020;Wed Mar 18 08:20:38 2020;false;11933;None; 'Do not scan printers';remote; 'Settings' ;;
10.80.151.160;;;;;apc903360.diplobel.net;Wed Mar 18 08:20:31 2020;Wed Mar 18 08:20:38 2020;false;10180;None; 'Ping the remote host';remote; 'Port scanners' ;;
10.80.151.103;;;;;;Wed Mar 18 08:20:01 2020;Wed Mar 18 08:21:07 2020;false;19506;None; 'Nessus Scan Information';summary; 'Settings' ;;
10.80.151.103;;;;;;Wed Mar 18 08:20:01 2020;Wed Mar 18 08:21:07 2020;false;10180;None; 'Ping the remote host';remote; 'Port scanners' ;;
10.80.151.102;;;;;;Wed Mar 18 08:20:01 2020;Wed Mar 18 08:21:07 2020;false;19506;None; 'Nessus Scan Information';summary; 'Settings' ;;
10.80.151.102;;;;;;Wed Mar 18 08:20:01 2020;Wed Mar 18 08:21:07 2020;false;10180;None; 'Ping the remote host';remote; 'Port scanners' ;;
10.80.151.90;;;;;nbo1sccm10.diplobel.net;Wed Mar 18 08:19:59 2020;Wed Mar 18 08:21:02 2020;false;19506;None; 'Nessus Scan Information';summary; 'Settings' ;;
10.80.151.90;;;;;nbo1sccm10.diplobel.net;Wed Mar 18 08:19:59 2020;Wed Mar 18 08:21:02 2020;false;10180;None; 'Ping the remote host';remote; 'Port scanners' ;;
10.80.151.70;;;;;nbo1chm10.diplobel.net;Wed Mar 18 08:19:52 2020;Wed Mar 18 08:21:00 2020;false;19506;None; 'Nessus Scan Information';summary; 'Settings' ;;
10.80.151.70;;;;;nbo1chm10.diplobel.net;Wed Mar 18 08:19:52 2020;Wed Mar 18 08:21:00 2020;false;10180;None; 'Ping the remote host';remote; 'Port scanners' ;;
10.80.151.50;;;;;nbo1bck10.diplobel.net;Wed Mar 18 08:19:50 2020;Wed Mar 18 08:20:54 2020;false;19506;None; 'Nessus Scan Information';summary; 'Settings' ;;
10.80.151.50;;;;;nbo1bck10.diplobel.net;Wed Mar 18 08:19:50 2020;Wed Mar 18 08:20:54 2020;false;10180;None; 'Ping the remote host';remote; 'Port scanners' ;;
10.80.151.40;;;;;nbo1sql01.diplobel.net;Wed Mar 18 08:19:49 2020;Wed Mar 18 08:20:48 2020;false;19506;None; 'Nessus Scan Information';summary; 'Settings' ;;
10.80.151.40;;;;;nbo1sql01.diplobel.net;Wed Mar 18 08:19:49 2020;Wed Mar 18 08:20:48 2020;false;10180;None; 'Ping the remote host';remote; 'Port scanners' ;;
10.80.151.30;;;;;nbo1nas10.diplobel.net;Wed Mar 18 08:19:44 2020;Wed Mar 18 08:21:00 2020;false;19506;None; 'Nessus Scan Information';summary; 'Settings' ;;
10.80.151.30;;;;;nbo1nas10.diplobel.net;Wed Mar 18 08:19:44 2020;Wed Mar 18 08:21:00 2020;false;10180;None; 'Ping the remote host';remote; 'Port scanners' ;;
10.80.151.20;;;;;nbo1fil10.diplobel.net;Wed Mar 18 08:19:44 2020;Wed Mar 18 08:20:47 2020;false;19506;None; 'Nessus Scan Information';summary; 'Settings' ;;
10.80.151.20;;;;;nbo1fil10.diplobel.net;Wed Mar 18 08:19:44 2020;Wed Mar 18 08:20:47 2020;false;10180;None; 'Ping the remote host';remote; 'Port scanners' ;;
10.80.151.15;;;;;nbo1dct10.diplobel.net;Wed Mar 18 08:19:43 2020;Wed Mar 18 08:20:48 2020;false;19506;None; 'Nessus Scan Information';summary; 'Settings' ;;
10.80.151.15;;;;;nbo1dct10.diplobel.net;Wed Mar 18 08:19:43 2020;Wed Mar 18 08:20:48 2020;false;10180;None; 'Ping the remote host';remote; 'Port scanners' ;;
10.80.151.10;;;;;nbo1hpv10.diplobel.net;Wed Mar 18 08:19:43 2020;Wed Mar 18 08:20:48 2020;false;19506;None; 'Nessus Scan Information';summary; 'Settings' ;;
10.80.151.10;;;;;nbo1hpv10.diplobel.net;Wed Mar 18 08:19:43 2020;Wed Mar 18 08:20:48 2020;false;10180;None; 'Ping the remote host';remote; 'Port scanners' ;;
10.80.147.102;;;;;;Wed Mar 18 08:19:26 2020;Wed Mar 18 08:20:31 2020;false;19506;None; 'Nessus Scan Information';summary; 'Settings' ;;
10.80.147.102;;;;;;Wed Mar 18 08:19:26 2020;Wed Mar 18 08:20:31 2020;false;10180;None; 'Ping the remote host';remote; 'Port scanners' ;;
10.80.147.90;;;;;dar1sccm10.diplobel.net;Wed Mar 18 08:19:21 2020;Wed Mar 18 08:20:30 2020;false;19506;None; 'Nessus Scan Information';summary; 'Settings' ;;
10.80.147.90;;;;;dar1sccm10.diplobel.net;Wed Mar 18 08:19:21 2020;Wed Mar 18 08:20:30 2020;false;10180;None; 'Ping the remote host';remote; 'Port scanners' ;;
10.80.147.70;;;;;dar1chm10.diplobel.net;Wed Mar 18 08:19:18 2020;Wed Mar 18 08:20:31 2020;false;19506;None; 'Nessus Scan Information';summary; 'Settings' ;;
10.80.147.70;;;;;dar1chm10.diplobel.net;Wed Mar 18 08:19:18 2020;Wed Mar 18 08:20:31 2020;false;10180;None; 'Ping the remote host';remote; 'Port scanners' ;;
10.80.147.50;;;;;dar1bck10.diplobel.net;Wed Mar 18 08:19:16 2020;Wed Mar 18 08:20:30 2020;false;19506;None; 'Nessus Scan Information';summary; 'Settings' ;;
10.80.147.50;;;;;dar1bck10.diplobel.net;Wed Mar 18 08:19:16 2020;Wed Mar 18 08:20:30 2020;false;10180;None; 'Ping the remote host';remote; 'Port scanners' ;;
10.80.147.40;;;;;dar1sql01.diplobel.net;Wed Mar 18 08:19:15 2020;Wed Mar 18 08:20:30 2020;false;19506;None; 'Nessus Scan Information';summary; 'Settings' ;;
10.80.147.40;;;;;dar1sql01.diplobel.net;Wed Mar 18 08:19:15 2020;Wed Mar 18 08:20:30 2020;false;10180;None; 'Ping the remote host';remote; 'Port scanners' ;;
10.80.147.20;;;;;dar1fil10.diplobel.net;Wed Mar 18 08:19:14 2020;Wed Mar 18 08:20:30 2020;false;19506;None; 'Nessus Scan Information';summary; 'Settings' ;;
10.80.147.20;;;;;dar1fil10.diplobel.net;Wed Mar 18 08:19:14 2020;Wed Mar 18 08:20:30 2020;false;10180;None; 'Ping the remote host';remote; 'Port scanners' ;;
10.80.147.15;;;;;dar1dct10.diplobel.net;Wed Mar 18 08:19:14 2020;Wed Mar 18 08:20:22 2020;false;19506;None; 'Nessus Scan Information';summary; 'Settings' ;;
10.80.147.15;;;;;dar1dct10.diplobel.net;Wed Mar 18 08:19:14 2020;Wed Mar 18 08:20:22 2020;false;10180;None; 'Ping the remote host';remote; 'Port scanners' ;;
10.80.147.10;;;;;dar1hpv10.diplobel.net;Wed Mar 18 08:19:14 2020;Wed Mar 18 08:20:22 2020;false;19506;None; 'Nessus Scan Information';summary; 'Settings' ;;
10.80.147.10;;;;;dar1hpv10.diplobel.net;Wed Mar 18 08:19:14 2020;Wed Mar 18 08:20:22 2020;false;10180;None; 'Ping the remote host';remote; 'Port scanners' ;;
10.80.139.15;;;;;lad1dct10.diplobel.net;Wed Mar 18 08:18:44 2020;Wed Mar 18 08:20:39 2020;false;19506;None; 'Nessus Scan Information';summary; 'Settings' ;;
10.80.139.15;;;;;lad1dct10.diplobel.net;Wed Mar 18 08:18:44 2020;Wed Mar 18 08:20:39 2020;false;10180;None; 'Ping the remote host';remote; 'Port scanners' ;;
10.80.135.160;;;;;apc917ed9.diplobel.net;Wed Mar 18 08:18:18 2020;Wed Mar 18 08:18:31 2020;false;19506;None; 'Nessus Scan Information';summary; 'Settings' ;;
10.80.135.160;;;;;apc917ed9.diplobel.net;Wed Mar 18 08:18:18 2020;Wed Mar 18 08:18:31 2020;false;11933;None; 'Do not scan printers';remote; 'Settings' ;;
10.80.135.160;;;;;apc917ed9.diplobel.net;Wed Mar 18 08:18:18 2020;Wed Mar 18 08:18:31 2020;false;10180;None; 'Ping the remote host';remote; 'Port scanners' ;;
10.80.135.103;;;;;;Wed Mar 18 08:18:07 2020;Wed Mar 18 08:19:18 2020;false;19506;None; 'Nessus Scan Information';summary; 'Settings' ;;
10.80.135.103;;;;;;Wed Mar 18 08:18:07 2020;Wed Mar 18 08:19:18 2020;false;10180;None; 'Ping the remote host';remote; 'Port scanners' ;;
10.80.135.102;;;;;;Wed Mar 18 08:18:07 2020;Wed Mar 18 08:19:18 2020;false;19506;None; 'Nessus Scan Information';summary; 'Settings' ;;
10.80.135.102;;;;;;Wed Mar 18 08:18:07 2020;Wed Mar 18 08:19:18 2020;false;10180;None; 'Ping the remote host';remote; 'Port scanners' ;;
10.80.135.90;;;;;bjm1sccm10.diplobel.net;Wed Mar 18 08:18:06 2020;Wed Mar 18 08:19:16 2020;false;19506;None; 'Nessus Scan Information';summary; 'Settings' ;;
10.80.135.90;;;;;bjm1sccm10.diplobel.net;Wed Mar 18 08:18:06 2020;Wed Mar 18 08:19:16 2020;false;10180;None; 'Ping the remote host';remote; 'Port scanners' ;;
10.80.135.70;;;;;bjm1chm10.diplobel.net;Wed Mar 18 08:18:05 2020;Wed Mar 18 08:19:16 2020;false;19506;None; 'Nessus Scan Information';summary; 'Settings' ;;
10.80.135.70;;;;;bjm1chm10.diplobel.net;Wed Mar 18 08:18:05 2020;Wed Mar 18 08:19:16 2020;false;10180;None; 'Ping the remote host';remote; 'Port scanners' ;;
10.80.135.50;;;;;bjm1bck10.diplobel.net;Wed Mar 18 08:18:03 2020;Wed Mar 18 08:19:14 2020;false;19506;None; 'Nessus Scan Information';summary; 'Settings' ;;
10.80.135.50;;;;;bjm1bck10.diplobel.net;Wed Mar 18 08:18:03 2020;Wed Mar 18 08:19:14 2020;false;10180;None; 'Ping the remote host';remote; 'Port scanners' ;;
10.80.135.40;;;;;bjm1sql01.diplobel.net;Wed Mar 18 08:17:58 2020;Wed Mar 18 08:19:06 2020;false;19506;None; 'Nessus Scan Information';summary; 'Settings' ;;
10.80.135.40;;;;;bjm1sql01.diplobel.net;Wed Mar 18 08:17:58 2020;Wed Mar 18 08:19:06 2020;false;10180;None; 'Ping the remote host';remote; 'Port scanners' ;;
10.80.135.30;;;;;bjm1nas10.diplobel.net;Wed Mar 18 08:17:57 2020;Wed Mar 18 08:19:26 2020;false;19506;None; 'Nessus Scan Information';summary; 'Settings' ;;
10.80.135.30;;;;;bjm1nas10.diplobel.net;Wed Mar 18 08:17:57 2020;Wed Mar 18 08:19:26 2020;false;10180;None; 'Ping the remote host';remote; 'Port scanners' ;;
10.80.135.20;;;;;bjm1fil10.diplobel.net;Wed Mar 18 08:17:52 2020;Wed Mar 18 08:19:03 2020;false;19506;None; 'Nessus Scan Information';summary; 'Settings' ;;
10.80.135.20;;;;;bjm1fil10.diplobel.net;Wed Mar 18 08:17:52 2020;Wed Mar 18 08:19:03 2020;false;10180;None; 'Ping the remote host';remote; 'Port scanners' ;;
10.80.135.15;;;;;bjm1dct10.diplobel.net;Wed Mar 18 08:17:52 2020;Wed Mar 18 08:19:03 2020;false;19506;None; 'Nessus Scan Information';summary; 'Settings' ;;
10.80.135.15;;;;;bjm1dct10.diplobel.net;Wed Mar 18 08:17:52 2020;Wed Mar 18 08:19:03 2020;false;10180;None; 'Ping the remote host';remote; 'Port scanners' ;;
10.80.135.10;;;;;bjm1hpv10.diplobel.net;Wed Mar 18 08:17:51 2020;Wed Mar 18 08:19:14 2020;false;19506;None; 'Nessus Scan Information';summary; 'Settings' ;;
10.80.135.10;;;;;bjm1hpv10.diplobel.net;Wed Mar 18 08:17:51 2020;Wed Mar 18 08:19:14 2020;false;10180;None; 'Ping the remote host';remote; 'Port scanners' ;;
10.80.131.160;;;;;apc90a69f.diplobel.net;Wed Mar 18 08:17:14 2020;Wed Mar 18 08:17:25 2020;false;19506;None; 'Nessus Scan Information';summary; 'Settings' ;;
10.80.131.160;;;;;apc90a69f.diplobel.net;Wed Mar 18 08:17:14 2020;Wed Mar 18 08:17:25 2020;false;11933;None; 'Do not scan printers';remote; 'Settings' ;;
10.80.131.160;;;;;apc90a69f.diplobel.net;Wed Mar 18 08:17:14 2020;Wed Mar 18 08:17:25 2020;false;10180;None; 'Ping the remote host';remote; 'Port scanners' ;;
10.80.131.103;;;;;;Wed Mar 18 08:16:52 2020;Wed Mar 18 08:18:06 2020;false;19506;None; 'Nessus Scan Information';summary; 'Settings' ;;
10.80.131.103;;;;;;Wed Mar 18 08:16:52 2020;Wed Mar 18 08:18:06 2020;false;10180;None; 'Ping the remote host';remote; 'Port scanners' ;;
10.80.131.102;;;;;;Wed Mar 18 08:16:52 2020;Wed Mar 18 08:18:16 2020;false;19506;None; 'Nessus Scan Information';summary; 'Settings' ;;
10.80.131.102;;;;;;Wed Mar 18 08:16:52 2020;Wed Mar 18 08:18:16 2020;false;10180;None; 'Ping the remote host';remote; 'Port scanners' ;;
10.80.131.90;;;;;kgl1sccm10.diplobel.net;Wed Mar 18 08:16:51 2020;Wed Mar 18 08:18:04 2020;false;19506;None; 'Nessus Scan Information';summary; 'Settings' ;;
10.80.131.90;;;;;kgl1sccm10.diplobel.net;Wed Mar 18 08:16:51 2020;Wed Mar 18 08:18:04 2020;false;10180;None; 'Ping the remote host';remote; 'Port scanners' ;;
10.80.131.70;;;;;kgl1chm10.diplobel.net;Wed Mar 18 08:16:47 2020;Wed Mar 18 08:18:05 2020;false;19506;None; 'Nessus Scan Information';summary; 'Settings' ;;
10.80.131.70;;;;;kgl1chm10.diplobel.net;Wed Mar 18 08:16:47 2020;Wed Mar 18 08:18:05 2020;false;10180;None; 'Ping the remote host';remote; 'Port scanners' ;;
10.80.131.50;;;;;kgl1bck10.diplobel.net;Wed Mar 18 08:16:43 2020;Wed Mar 18 08:17:57 2020;false;19506;None; 'Nessus Scan Information';summary; 'Settings' ;;
10.80.131.50;;;;;kgl1bck10.diplobel.net;Wed Mar 18 08:16:43 2020;Wed Mar 18 08:17:57 2020;false;10180;None; 'Ping the remote host';remote; 'Port scanners' ;;
10.80.131.40;;;;;kgl1sql01.diplobel.net;Wed Mar 18 08:16:42 2020;Wed Mar 18 08:17:57 2020;false;19506;None; 'Nessus Scan Information';summary; 'Settings' ;;
10.80.131.40;;;;;kgl1sql01.diplobel.net;Wed Mar 18 08:16:42 2020;Wed Mar 18 08:17:57 2020;false;10180;None; 'Ping the remote host';remote; 'Port scanners' ;;
10.80.131.30;;;;;kgl1nas10.diplobel.net;Wed Mar 18 08:16:41 2020;Wed Mar 18 08:18:05 2020;false;19506;None; 'Nessus Scan Information';summary; 'Settings' ;;
10.80.131.30;;;;;kgl1nas10.diplobel.net;Wed Mar 18 08:16:41 2020;Wed Mar 18 08:18:05 2020;false;10180;None; 'Ping the remote host';remote; 'Port scanners' ;;
10.80.131.20;;;;;kgl1fil10.diplobel.net;Wed Mar 18 08:16:41 2020;Wed Mar 18 08:17:48 2020;false;19506;None; 'Nessus Scan Information';summary; 'Settings' ;;
10.80.131.20;;;;;kgl1fil10.diplobel.net;Wed Mar 18 08:16:41 2020;Wed Mar 18 08:17:48 2020;false;10180;None; 'Ping the remote host';remote; 'Port scanners' ;;
10.80.131.15;;;;;kgl1dct10.diplobel.net;Wed Mar 18 08:16:40 2020;Wed Mar 18 08:17:48 2020;false;19506;None; 'Nessus Scan Information';summary; 'Settings' ;;
10.80.131.15;;;;;kgl1dct10.diplobel.net;Wed Mar 18 08:16:40 2020;Wed Mar 18 08:17:48 2020;false;10180;None; 'Ping the remote host';remote; 'Port scanners' ;;
10.80.131.10;;;;;kgl1hpv10.diplobel.net;Wed Mar 18 08:16:40 2020;Wed Mar 18 08:18:03 2020;false;19506;None; 'Nessus Scan Information';summary; 'Settings' ;;
10.80.131.10;;;;;kgl1hpv10.diplobel.net;Wed Mar 18 08:16:40 2020;Wed Mar 18 08:18:03 2020;false;10180;None; 'Ping the remote host';remote; 'Port scanners' ;;
10.80.127.102;;;;;irmclub1hpv10.diplobel.net;Wed Mar 18 08:16:20 2020;Wed Mar 18 08:18:18 2020;false;19506;None; 'Nessus Scan Information';summary; 'Settings' ;;
10.80.127.102;;;;;irmclub1hpv10.diplobel.net;Wed Mar 18 08:16:20 2020;Wed Mar 18 08:18:18 2020;false;10180;None; 'Ping the remote host';remote; 'Port scanners' ;;
10.80.127.70;;;;;lub1chm10.diplobel.net;Wed Mar 18 08:16:15 2020;Wed Mar 18 08:18:09 2020;false;19506;None; 'Nessus Scan Information';summary; 'Settings' ;;
10.80.127.70;;;;;lub1chm10.diplobel.net;Wed Mar 18 08:16:15 2020;Wed Mar 18 08:18:09 2020;false;10180;None; 'Ping the remote host';remote; 'Port scanners' ;;
10.80.127.50;;;;;lub1bck10.diplobel.net;Wed Mar 18 08:16:12 2020;Wed Mar 18 08:18:11 2020;false;19506;None; 'Nessus Scan Information';summary; 'Settings' ;;
10.80.127.50;;;;;lub1bck10.diplobel.net;Wed Mar 18 08:16:12 2020;Wed Mar 18 08:18:11 2020;false;10180;None; 'Ping the remote host';remote; 'Port scanners' ;;
10.80.127.40;;;;;lub1sql01.diplobel.net;Wed Mar 18 08:16:10 2020;Wed Mar 18 08:18:03 2020;false;19506;None; 'Nessus Scan Information';summary; 'Settings' ;;
10.80.127.40;;;;;lub1sql01.diplobel.net;Wed Mar 18 08:16:10 2020;Wed Mar 18 08:18:03 2020;false;10180;None; 'Ping the remote host';remote; 'Port scanners' ;;
10.80.123.201;;;;;;Wed Mar 18 08:15:50 2020;Wed Mar 18 08:17:57 2020;false;19506;None; 'Nessus Scan Information';summary; 'Settings' ;;
10.80.123.201;;;;;;Wed Mar 18 08:15:50 2020;Wed Mar 18 08:17:57 2020;false;10180;None; 'Ping the remote host';remote; 'Port scanners' ;;
10.80.123.200;;;;;;Wed Mar 18 08:15:50 2020;Wed Mar 18 08:17:50 2020;false;19506;None; 'Nessus Scan Information';summary; 'Settings' ;;
10.80.123.200;;;;;;Wed Mar 18 08:15:50 2020;Wed Mar 18 08:17:50 2020;false;10180;None; 'Ping the remote host';remote; 'Port scanners' ;;
10.80.123.150;;;;;kin1ups01.diplobel.net;Wed Mar 18 08:15:38 2020;Wed Mar 18 08:16:47 2020;false;19506;None; 'Nessus Scan Information';summary; 'Settings' ;;
10.80.123.150;;;;;kin1ups01.diplobel.net;Wed Mar 18 08:15:38 2020;Wed Mar 18 08:16:47 2020;false;10180;None; 'Ping the remote host';remote; 'Port scanners' ;;
10.80.123.103;;;;;;Wed Mar 18 08:15:26 2020;Wed Mar 18 08:16:38 2020;false;19506;None; 'Nessus Scan Information';summary; 'Settings' ;;
10.80.123.103;;;;;;Wed Mar 18 08:15:26 2020;Wed Mar 18 08:16:38 2020;false;10180;None; 'Ping the remote host';remote; 'Port scanners' ;;
10.80.123.102;;;;;;Wed Mar 18 08:15:26 2020;Wed Mar 18 08:16:32 2020;false;19506;None; 'Nessus Scan Information';summary; 'Settings' ;;
10.80.123.102;;;;;;Wed Mar 18 08:15:26 2020;Wed Mar 18 08:16:32 2020;false;10180;None; 'Ping the remote host';remote; 'Port scanners' ;;
10.80.123.90;;;;;kin1sccm10.diplobel.net;Wed Mar 18 08:15:19 2020;Wed Mar 18 08:16:30 2020;false;19506;None; 'Nessus Scan Information';summary; 'Settings' ;;
10.80.123.90;;;;;kin1sccm10.diplobel.net;Wed Mar 18 08:15:19 2020;Wed Mar 18 08:16:30 2020;false;10180;None; 'Ping the remote host';remote; 'Port scanners' ;;
10.80.123.70;;;;;kin1chm10.diplobel.net;Wed Mar 18 08:15:13 2020;Wed Mar 18 08:16:24 2020;false;19506;None; 'Nessus Scan Information';summary; 'Settings' ;;
10.80.123.70;;;;;kin1chm10.diplobel.net;Wed Mar 18 08:15:13 2020;Wed Mar 18 08:16:24 2020;false;10180;None; 'Ping the remote host';remote; 'Port scanners' ;;
10.80.123.50;;;;;kin1bck10.diplobel.net;Wed Mar 18 08:15:08 2020;Wed Mar 18 08:16:15 2020;false;19506;None; 'Nessus Scan Information';summary; 'Settings' ;;
10.80.123.50;;;;;kin1bck10.diplobel.net;Wed Mar 18 08:15:08 2020;Wed Mar 18 08:16:15 2020;false;10180;None; 'Ping the remote host';remote; 'Port scanners' ;;
10.80.123.40;;;;;kin1sql01.diplobel.net;Wed Mar 18 08:15:06 2020;Wed Mar 18 08:16:08 2020;false;19506;None; 'Nessus Scan Information';summary; 'Settings' ;;
10.80.123.40;;;;;kin1sql01.diplobel.net;Wed Mar 18 08:15:06 2020;Wed Mar 18 08:16:08 2020;false;10180;None; 'Ping the remote host';remote; 'Port scanners' ;;
10.80.123.30;;;;;kin1nas10.diplobel.net;Wed Mar 18 08:15:04 2020;Wed Mar 18 08:16:15 2020;false;19506;None; 'Nessus Scan Information';summary; 'Settings' ;;
10.80.123.30;;;;;kin1nas10.diplobel.net;Wed Mar 18 08:15:04 2020;Wed Mar 18 08:16:15 2020;false;10180;None; 'Ping the remote host';remote; 'Port scanners' ;;
10.80.123.20;;;;;kin1fil10.diplobel.net;Wed Mar 18 08:15:03 2020;Wed Mar 18 08:16:03 2020;false;19506;None; 'Nessus Scan Information';summary; 'Settings' ;;
10.80.123.20;;;;;kin1fil10.diplobel.net;Wed Mar 18 08:15:03 2020;Wed Mar 18 08:16:03 2020;false;10180;None; 'Ping the remote host';remote; 'Port scanners' ;;
10.80.123.15;;;;;kin1dct10.diplobel.net;Wed Mar 18 08:15:02 2020;Wed Mar 18 08:16:03 2020;false;19506;None; 'Nessus Scan Information';summary; 'Settings' ;;
10.80.123.15;;;;;kin1dct10.diplobel.net;Wed Mar 18 08:15:02 2020;Wed Mar 18 08:16:03 2020;false;10180;None; 'Ping the remote host';remote; 'Port scanners' ;;
10.80.123.10;;;;;kin1hpv10.diplobel.net;Wed Mar 18 08:15:02 2020;Wed Mar 18 08:16:08 2020;false;19506;None; 'Nessus Scan Information';summary; 'Settings' ;;
10.80.123.10;;;;;kin1hpv10.diplobel.net;Wed Mar 18 08:15:02 2020;Wed Mar 18 08:16:08 2020;false;10180;None; 'Ping the remote host';remote; 'Port scanners' ;;
10.80.111.160;;;;;apcd9b889.diplobel.net;Wed Mar 18 08:14:34 2020;Wed Mar 18 08:14:47 2020;false;19506;None; 'Nessus Scan Information';summary; 'Settings' ;;
10.80.111.160;;;;;apcd9b889.diplobel.net;Wed Mar 18 08:14:34 2020;Wed Mar 18 08:14:47 2020;false;11933;None; 'Do not scan printers';remote; 'Settings' ;;
10.80.111.160;;;;;apcd9b889.diplobel.net;Wed Mar 18 08:14:34 2020;Wed Mar 18 08:14:47 2020;false;10180;None; 'Ping the remote host';remote; 'Port scanners' ;;
10.80.111.102;;;;;irmcabv1hpv10.diplobel.net;Wed Mar 18 08:14:21 2020;Wed Mar 18 08:15:37 2020;false;19506;None; 'Nessus Scan Information';summary; 'Settings' ;;
10.80.111.102;;;;;irmcabv1hpv10.diplobel.net;Wed Mar 18 08:14:21 2020;Wed Mar 18 08:15:37 2020;false;10180;None; 'Ping the remote host';remote; 'Port scanners' ;;
10.80.111.90;;;;;abv1sccm10.diplobel.net;Wed Mar 18 08:14:18 2020;Wed Mar 18 08:15:32 2020;false;19506;None; 'Nessus Scan Information';summary; 'Settings' ;;
10.80.111.90;;;;;abv1sccm10.diplobel.net;Wed Mar 18 08:14:18 2020;Wed Mar 18 08:15:32 2020;false;10180;None; 'Ping the remote host';remote; 'Port scanners' ;;
10.80.111.70;;;;;abv1chm10.diplobel.net;Wed Mar 18 08:14:14 2020;Wed Mar 18 08:15:32 2020;false;19506;None; 'Nessus Scan Information';summary; 'Settings' ;;
10.80.111.70;;;;;abv1chm10.diplobel.net;Wed Mar 18 08:14:14 2020;Wed Mar 18 08:15:32 2020;false;10180;None; 'Ping the remote host';remote; 'Port scanners' ;;
10.80.111.50;;;;;abv1bck10.diplobel.net;Wed Mar 18 08:14:12 2020;Wed Mar 18 08:15:32 2020;false;19506;None; 'Nessus Scan Information';summary; 'Settings' ;;
10.80.111.50;;;;;abv1bck10.diplobel.net;Wed Mar 18 08:14:12 2020;Wed Mar 18 08:15:32 2020;false;10180;None; 'Ping the remote host';remote; 'Port scanners' ;;
10.80.111.40;;;;;abv1sql01.diplobel.net;Wed Mar 18 08:14:12 2020;Wed Mar 18 08:15:25 2020;false;19506;None; 'Nessus Scan Information';summary; 'Settings' ;;
10.80.111.40;;;;;abv1sql01.diplobel.net;Wed Mar 18 08:14:12 2020;Wed Mar 18 08:15:25 2020;false;10180;None; 'Ping the remote host';remote; 'Port scanners' ;;
10.80.111.20;;;;;abv1fil10.diplobel.net;Wed Mar 18 08:14:07 2020;Wed Mar 18 08:15:17 2020;false;19506;None; 'Nessus Scan Information';summary; 'Settings' ;;
10.80.111.20;;;;;abv1fil10.diplobel.net;Wed Mar 18 08:14:07 2020;Wed Mar 18 08:15:17 2020;false;10180;None; 'Ping the remote host';remote; 'Port scanners' ;;
10.80.111.15;;;;;abv1dct10.diplobel.net;Wed Mar 18 08:14:07 2020;Wed Mar 18 08:15:17 2020;false;19506;None; 'Nessus Scan Information';summary; 'Settings' ;;
10.80.111.15;;;;;abv1dct10.diplobel.net;Wed Mar 18 08:14:07 2020;Wed Mar 18 08:15:17 2020;false;10180;None; 'Ping the remote host';remote; 'Port scanners' ;;
10.80.111.10;;;;;abv1hpv10.diplobel.net;Wed Mar 18 08:14:06 2020;Wed Mar 18 08:15:32 2020;false;19506;None; 'Nessus Scan Information';summary; 'Settings' ;;
10.80.111.10;;;;;abv1hpv10.diplobel.net;Wed Mar 18 08:14:06 2020;Wed Mar 18 08:15:32 2020;false;10180;None; 'Ping the remote host';remote; 'Port scanners' ;;
10.80.103.70;;;;;yao1chm10.diplobel.net;Wed Mar 18 08:13:39 2020;Wed Mar 18 08:15:43 2020;false;19506;None; 'Nessus Scan Information';summary; 'Settings' ;;
10.80.103.70;;;;;yao1chm10.diplobel.net;Wed Mar 18 08:13:39 2020;Wed Mar 18 08:15:43 2020;false;10180;None; 'Ping the remote host';remote; 'Port scanners' ;;
10.80.103.20;;;;;yao1fil10.diplobel.net;Wed Mar 18 08:13:30 2020;Wed Mar 18 08:15:43 2020;false;19506;None; 'Nessus Scan Information';summary; 'Settings' ;;
10.80.103.20;;;;;yao1fil10.diplobel.net;Wed Mar 18 08:13:30 2020;Wed Mar 18 08:15:43 2020;false;10180;None; 'Ping the remote host';remote; 'Port scanners' ;;
10.80.103.15;;;;;yao1dct10.diplobel.net;Wed Mar 18 08:13:26 2020;Wed Mar 18 08:15:37 2020;false;19506;None; 'Nessus Scan Information';summary; 'Settings' ;;
10.80.103.15;;;;;yao1dct10.diplobel.net;Wed Mar 18 08:13:26 2020;Wed Mar 18 08:15:37 2020;false;10180;None; 'Ping the remote host';remote; 'Port scanners' ;;
10.80.103.10;;;;;yao1hpv10.diplobel.net;Wed Mar 18 08:13:26 2020;Wed Mar 18 08:15:27 2020;false;19506;None; 'Nessus Scan Information';summary; 'Settings' ;;
10.80.103.10;;;;;yao1hpv10.diplobel.net;Wed Mar 18 08:13:26 2020;Wed Mar 18 08:15:27 2020;false;10180;None; 'Ping the remote host';remote; 'Port scanners' ;;
10.80.99.160;;;;;apc91b836.diplobel.net;Wed Mar 18 08:13:10 2020;Wed Mar 18 08:13:24 2020;false;19506;None; 'Nessus Scan Information';summary; 'Settings' ;;
10.80.99.160;;;;;apc91b836.diplobel.net;Wed Mar 18 08:13:10 2020;Wed Mar 18 08:13:24 2020;false;11933;None; 'Do not scan printers';remote; 'Settings' ;;
10.80.99.160;;;;;apc91b836.diplobel.net;Wed Mar 18 08:13:10 2020;Wed Mar 18 08:13:24 2020;false;10180;None; 'Ping the remote host';remote; 'Port scanners' ;;
10.80.99.102;;;;;irmcabj1hpv10.diplobel.net;Wed Mar 18 08:12:59 2020;Wed Mar 18 08:14:07 2020;false;19506;None; 'Nessus Scan Information';summary; 'Settings' ;;
10.80.99.102;;;;;irmcabj1hpv10.diplobel.net;Wed Mar 18 08:12:59 2020;Wed Mar 18 08:14:07 2020;false;10180;None; 'Ping the remote host';remote; 'Port scanners' ;;
10.80.99.90;;;;;abj1sccm10.diplobel.net;Wed Mar 18 08:12:58 2020;Wed Mar 18 08:14:12 2020;false;19506;None; 'Nessus Scan Information';summary; 'Settings' ;;
10.80.99.90;;;;;abj1sccm10.diplobel.net;Wed Mar 18 08:12:58 2020;Wed Mar 18 08:14:12 2020;false;10180;None; 'Ping the remote host';remote; 'Port scanners' ;;
10.80.99.70;;;;;abj1chm10.diplobel.net;Wed Mar 18 08:12:53 2020;Wed Mar 18 08:14:02 2020;false;19506;None; 'Nessus Scan Information';summary; 'Settings' ;;
10.80.99.70;;;;;abj1chm10.diplobel.net;Wed Mar 18 08:12:53 2020;Wed Mar 18 08:14:02 2020;false;10180;None; 'Ping the remote host';remote; 'Port scanners' ;;
10.80.99.50;;;;;abj1bck10.diplobel.net;Wed Mar 18 08:12:49 2020;Wed Mar 18 08:13:56 2020;false;19506;None; 'Nessus Scan Information';summary; 'Settings' ;;
10.80.99.50;;;;;abj1bck10.diplobel.net;Wed Mar 18 08:12:49 2020;Wed Mar 18 08:13:56 2020;false;10180;None; 'Ping the remote host';remote; 'Port scanners' ;;
10.80.99.40;;;;;abj1sql01.diplobel.net;Wed Mar 18 08:12:47 2020;Wed Mar 18 08:13:56 2020;false;19506;None; 'Nessus Scan Information';summary; 'Settings' ;;
10.80.99.40;;;;;abj1sql01.diplobel.net;Wed Mar 18 08:12:47 2020;Wed Mar 18 08:13:56 2020;false;10180;None; 'Ping the remote host';remote; 'Port scanners' ;;
10.80.99.20;;;;;abj1fil10.diplobel.net;Wed Mar 18 08:12:46 2020;Wed Mar 18 08:13:53 2020;false;19506;None; 'Nessus Scan Information';summary; 'Settings' ;;
10.80.99.20;;;;;abj1fil10.diplobel.net;Wed Mar 18 08:12:46 2020;Wed Mar 18 08:13:53 2020;false;10180;None; 'Ping the remote host';remote; 'Port scanners' ;;
10.80.99.15;;;;;abj1dct10.diplobel.net;Wed Mar 18 08:12:46 2020;Wed Mar 18 08:13:56 2020;false;19506;None; 'Nessus Scan Information';summary; 'Settings' ;;
10.80.99.15;;;;;abj1dct10.diplobel.net;Wed Mar 18 08:12:46 2020;Wed Mar 18 08:13:56 2020;false;10180;None; 'Ping the remote host';remote; 'Port scanners' ;;
10.80.99.10;;;;;abj1hpv10.diplobel.net;Wed Mar 18 08:12:42 2020;Wed Mar 18 08:14:11 2020;false;19506;None; 'Nessus Scan Information';summary; 'Settings' ;;
10.80.99.10;;;;;abj1hpv10.diplobel.net;Wed Mar 18 08:12:42 2020;Wed Mar 18 08:14:11 2020;false;10180;None; 'Ping the remote host';remote; 'Port scanners' ;;
10.80.91.90;;;;;ogd1sccm10.diplobel.net;Wed Mar 18 08:11:50 2020;Wed Mar 18 08:13:43 2020;false;19506;None; 'Nessus Scan Information';summary; 'Settings' ;;
10.80.91.90;;;;;ogd1sccm10.diplobel.net;Wed Mar 18 08:11:50 2020;Wed Mar 18 08:13:43 2020;false;10180;None; 'Ping the remote host';remote; 'Port scanners' ;;
10.80.87.160;;;;;apc917f70.diplobel.net;Wed Mar 18 08:11:09 2020;Wed Mar 18 08:11:32 2020;false;19506;None; 'Nessus Scan Information';summary; 'Settings' ;;
10.80.87.160;;;;;apc917f70.diplobel.net;Wed Mar 18 08:11:09 2020;Wed Mar 18 08:11:32 2020;false;11933;None; 'Do not scan printers';remote; 'Settings' ;;
10.80.87.160;;;;;apc917f70.diplobel.net;Wed Mar 18 08:11:09 2020;Wed Mar 18 08:11:32 2020;false;10180;None; 'Ping the remote host';remote; 'Port scanners' ;;
10.80.87.103;;;;;;Wed Mar 18 08:10:55 2020;Wed Mar 18 08:12:13 2020;false;19506;None; 'Nessus Scan Information';summary; 'Settings' ;;
10.80.87.103;;;;;;Wed Mar 18 08:10:55 2020;Wed Mar 18 08:12:13 2020;false;10180;None; 'Ping the remote host';remote; 'Port scanners' ;;
10.80.87.102;;;;;;Wed Mar 18 08:10:55 2020;Wed Mar 18 08:12:11 2020;false;19506;None; 'Nessus Scan Information';summary; 'Settings' ;;
10.80.87.102;;;;;;Wed Mar 18 08:10:55 2020;Wed Mar 18 08:12:11 2020;false;10180;None; 'Ping the remote host';remote; 'Port scanners' ;;
10.80.87.90;;;;;dkr1sccm10.diplobel.net;Wed Mar 18 08:10:50 2020;Wed Mar 18 08:12:11 2020;false;19506;None; 'Nessus Scan Information';summary; 'Settings' ;;
10.80.87.90;;;;;dkr1sccm10.diplobel.net;Wed Mar 18 08:10:50 2020;Wed Mar 18 08:12:11 2020;false;10180;None; 'Ping the remote host';remote; 'Port scanners' ;;
10.80.87.70;;;;;dkr1chm10.diplobel.net;Wed Mar 18 08:10:48 2020;Wed Mar 18 08:12:04 2020;false;19506;None; 'Nessus Scan Information';summary; 'Settings' ;;
10.80.87.70;;;;;dkr1chm10.diplobel.net;Wed Mar 18 08:10:48 2020;Wed Mar 18 08:12:04 2020;false;10180;None; 'Ping the remote host';remote; 'Port scanners' ;;
10.80.87.50;;;;;dkr1bck10.diplobel.net;Wed Mar 18 08:10:42 2020;Wed Mar 18 08:11:58 2020;false;19506;None; 'Nessus Scan Information';summary; 'Settings' ;;
10.80.87.50;;;;;dkr1bck10.diplobel.net;Wed Mar 18 08:10:42 2020;Wed Mar 18 08:11:58 2020;false;10180;None; 'Ping the remote host';remote; 'Port scanners' ;;
10.80.87.40;;;;;dkr1sql01.diplobel.net;Wed Mar 18 08:10:41 2020;Wed Mar 18 08:11:55 2020;false;19506;None; 'Nessus Scan Information';summary; 'Settings' ;;
10.80.87.40;;;;;dkr1sql01.diplobel.net;Wed Mar 18 08:10:41 2020;Wed Mar 18 08:11:55 2020;false;10180;None; 'Ping the remote host';remote; 'Port scanners' ;;
10.80.87.30;;;;;dkr1nas10.diplobel.net;Wed Mar 18 08:10:35 2020;Wed Mar 18 08:11:58 2020;false;19506;None; 'Nessus Scan Information';summary; 'Settings' ;;
10.80.87.30;;;;;dkr1nas10.diplobel.net;Wed Mar 18 08:10:35 2020;Wed Mar 18 08:11:58 2020;false;10180;None; 'Ping the remote host';remote; 'Port scanners' ;;
10.80.87.20;;;;;dkr1fil10.diplobel.net;Wed Mar 18 08:10:35 2020;Wed Mar 18 08:11:39 2020;false;19506;None; 'Nessus Scan Information';summary; 'Settings' ;;
10.80.87.20;;;;;dkr1fil10.diplobel.net;Wed Mar 18 08:10:35 2020;Wed Mar 18 08:11:39 2020;false;10180;None; 'Ping the remote host';remote; 'Port scanners' ;;
10.80.87.15;;;;;dkr1dct10.diplobel.net;Wed Mar 18 08:10:34 2020;Wed Mar 18 08:11:49 2020;false;19506;None; 'Nessus Scan Information';summary; 'Settings' ;;
10.80.87.15;;;;;dkr1dct10.diplobel.net;Wed Mar 18 08:10:34 2020;Wed Mar 18 08:11:49 2020;false;10180;None; 'Ping the remote host';remote; 'Port scanners' ;;
10.80.87.10;;;;;dkr1hpv10.diplobel.net;Wed Mar 18 08:10:34 2020;Wed Mar 18 08:11:58 2020;false;19506;None; 'Nessus Scan Information';summary; 'Settings' ;;
10.80.87.10;;;;;dkr1hpv10.diplobel.net;Wed Mar 18 08:10:34 2020;Wed Mar 18 08:11:58 2020;false;10180;None; 'Ping the remote host';remote; 'Port scanners' ;;
10.80.79.103;;;;;irmctun1nas10.diplobel.net;Wed Mar 18 08:09:43 2020;Wed Mar 18 08:11:02 2020;false;19506;None; 'Nessus Scan Information';summary; 'Settings' ;;
10.80.79.103;;;;;irmctun1nas10.diplobel.net;Wed Mar 18 08:09:43 2020;Wed Mar 18 08:11:02 2020;false;10180;None; 'Ping the remote host';remote; 'Port scanners' ;;
10.80.79.102;;;;;irmctun1hpv10.diplobel.net;Wed Mar 18 08:09:43 2020;Wed Mar 18 08:11:06 2020;false;19506;None; 'Nessus Scan Information';summary; 'Settings' ;;
10.80.79.102;;;;;irmctun1hpv10.diplobel.net;Wed Mar 18 08:09:43 2020;Wed Mar 18 08:11:06 2020;false;10180;None; 'Ping the remote host';remote; 'Port scanners' ;;
10.80.79.90;;;;;tun1sccm10.diplobel.net;Wed Mar 18 08:09:42 2020;Wed Mar 18 08:10:55 2020;false;19506;None; 'Nessus Scan Information';summary; 'Settings' ;;
10.80.79.90;;;;;tun1sccm10.diplobel.net;Wed Mar 18 08:09:42 2020;Wed Mar 18 08:10:55 2020;false;10180;None; 'Ping the remote host';remote; 'Port scanners' ;;
10.80.79.70;;;;;tun1chm10.diplobel.net;Wed Mar 18 08:09:36 2020;Wed Mar 18 08:10:58 2020;false;19506;None; 'Nessus Scan Information';summary; 'Settings' ;;
10.80.79.70;;;;;tun1chm10.diplobel.net;Wed Mar 18 08:09:36 2020;Wed Mar 18 08:10:58 2020;false;10180;None; 'Ping the remote host';remote; 'Port scanners' ;;
10.80.79.50;;;;;tun1bck10.diplobel.net;Wed Mar 18 08:09:30 2020;Wed Mar 18 08:10:34 2020;false;19506;None; 'Nessus Scan Information';summary; 'Settings' ;;
10.80.79.50;;;;;tun1bck10.diplobel.net;Wed Mar 18 08:09:30 2020;Wed Mar 18 08:10:34 2020;false;10180;None; 'Ping the remote host';remote; 'Port scanners' ;;
10.80.79.40;;;;;tun1sql01.diplobel.net;Wed Mar 18 08:09:30 2020;Wed Mar 18 08:10:34 2020;false;19506;None; 'Nessus Scan Information';summary; 'Settings' ;;
10.80.79.40;;;;;tun1sql01.diplobel.net;Wed Mar 18 08:09:30 2020;Wed Mar 18 08:10:34 2020;false;10180;None; 'Ping the remote host';remote; 'Port scanners' ;;
10.80.79.30;;;;;tun1nas10.diplobel.net;Wed Mar 18 08:09:25 2020;Wed Mar 18 08:11:07 2020;false;19506;None; 'Nessus Scan Information';summary; 'Settings' ;;
10.80.79.30;;;;;tun1nas10.diplobel.net;Wed Mar 18 08:09:25 2020;Wed Mar 18 08:11:07 2020;false;10180;None; 'Ping the remote host';remote; 'Port scanners' ;;
10.80.79.20;;;;;tun1fil10.diplobel.net;Wed Mar 18 08:09:24 2020;Wed Mar 18 08:10:32 2020;false;19506;None; 'Nessus Scan Information';summary; 'Settings' ;;
10.80.79.20;;;;;tun1fil10.diplobel.net;Wed Mar 18 08:09:24 2020;Wed Mar 18 08:10:32 2020;false;10180;None; 'Ping the remote host';remote; 'Port scanners' ;;
10.80.79.15;;;;;tun1dct10.diplobel.net;Wed Mar 18 08:09:24 2020;Wed Mar 18 08:10:26 2020;false;19506;None; 'Nessus Scan Information';summary; 'Settings' ;;
10.80.79.15;;;;;tun1dct10.diplobel.net;Wed Mar 18 08:09:24 2020;Wed Mar 18 08:10:26 2020;false;10180;None; 'Ping the remote host';remote; 'Port scanners' ;;
10.80.79.10;;;;;tun1hpv10.diplobel.net;Wed Mar 18 08:09:23 2020;Wed Mar 18 08:10:26 2020;false;19506;None; 'Nessus Scan Information';summary; 'Settings' ;;
10.80.79.10;;;;;tun1hpv10.diplobel.net;Wed Mar 18 08:09:23 2020;Wed Mar 18 08:10:26 2020;false;10180;None; 'Ping the remote host';remote; 'Port scanners' ;;
10.80.71.160;;;;;apc917eda.diplobel.net;Wed Mar 18 08:08:57 2020;Wed Mar 18 08:09:09 2020;false;19506;None; 'Nessus Scan Information';summary; 'Settings' ;;
10.80.71.160;;;;;apc917eda.diplobel.net;Wed Mar 18 08:08:57 2020;Wed Mar 18 08:09:09 2020;false;11933;None; 'Do not scan printers';remote; 'Settings' ;;
10.80.71.160;;;;;apc917eda.diplobel.net;Wed Mar 18 08:08:57 2020;Wed Mar 18 08:09:09 2020;false;10180;None; 'Ping the remote host';remote; 'Port scanners' ;;
10.80.71.103;;;;;;Wed Mar 18 08:08:39 2020;Wed Mar 18 08:09:58 2020;false;19506;None; 'Nessus Scan Information';summary; 'Settings' ;;
10.80.71.103;;;;;;Wed Mar 18 08:08:39 2020;Wed Mar 18 08:09:58 2020;false;10180;None; 'Ping the remote host';remote; 'Port scanners' ;;
10.80.71.102;;;;;;Wed Mar 18 08:08:39 2020;Wed Mar 18 08:09:58 2020;false;19506;None; 'Nessus Scan Information';summary; 'Settings' ;;
10.80.71.102;;;;;;Wed Mar 18 08:08:39 2020;Wed Mar 18 08:09:58 2020;false;10180;None; 'Ping the remote host';remote; 'Port scanners' ;;
10.80.71.90;;;;;cas1sccm10.diplobel.net;Wed Mar 18 08:08:34 2020;Wed Mar 18 08:09:45 2020;false;19506;None; 'Nessus Scan Information';summary; 'Settings' ;;
10.80.71.90;;;;;cas1sccm10.diplobel.net;Wed Mar 18 08:08:34 2020;Wed Mar 18 08:09:45 2020;false;10180;None; 'Ping the remote host';remote; 'Port scanners' ;;
10.80.71.70;;;;;cas1chm10.diplobel.net;Wed Mar 18 08:08:28 2020;Wed Mar 18 08:09:42 2020;false;19506;None; 'Nessus Scan Information';summary; 'Settings' ;;
10.80.71.70;;;;;cas1chm10.diplobel.net;Wed Mar 18 08:08:28 2020;Wed Mar 18 08:09:42 2020;false;10180;None; 'Ping the remote host';remote; 'Port scanners' ;;
10.80.71.50;;;;;cas1bck10.diplobel.net;Wed Mar 18 08:08:26 2020;Wed Mar 18 08:09:42 2020;false;19506;None; 'Nessus Scan Information';summary; 'Settings' ;;
10.80.71.50;;;;;cas1bck10.diplobel.net;Wed Mar 18 08:08:26 2020;Wed Mar 18 08:09:42 2020;false;10180;None; 'Ping the remote host';remote; 'Port scanners' ;;
10.80.71.40;;;;;cas1sql01.diplobel.net;Wed Mar 18 08:08:21 2020;Wed Mar 18 08:09:29 2020;false;19506;None; 'Nessus Scan Information';summary; 'Settings' ;;
10.80.71.40;;;;;cas1sql01.diplobel.net;Wed Mar 18 08:08:21 2020;Wed Mar 18 08:09:29 2020;false;10180;None; 'Ping the remote host';remote; 'Port scanners' ;;
10.80.71.30;;;;;cas1nas10.diplobel.net;Wed Mar 18 08:08:19 2020;Wed Mar 18 08:09:45 2020;false;19506;None; 'Nessus Scan Information';summary; 'Settings' ;;
10.80.71.30;;;;;cas1nas10.diplobel.net;Wed Mar 18 08:08:19 2020;Wed Mar 18 08:09:45 2020;false;10180;None; 'Ping the remote host';remote; 'Port scanners' ;;
10.80.71.20;;;;;cas1fil10.diplobel.net;Wed Mar 18 08:08:18 2020;Wed Mar 18 08:09:22 2020;false;19506;None; 'Nessus Scan Information';summary; 'Settings' ;;
10.80.71.20;;;;;cas1fil10.diplobel.net;Wed Mar 18 08:08:18 2020;Wed Mar 18 08:09:22 2020;false;10180;None; 'Ping the remote host';remote; 'Port scanners' ;;
10.80.71.15;;;;;cas1dct10.diplobel.net;Wed Mar 18 08:08:17 2020;Wed Mar 18 08:09:22 2020;false;19506;None; 'Nessus Scan Information';summary; 'Settings' ;;
10.80.71.15;;;;;cas1dct10.diplobel.net;Wed Mar 18 08:08:17 2020;Wed Mar 18 08:09:22 2020;false;10180;None; 'Ping the remote host';remote; 'Port scanners' ;;
10.80.71.10;;;;;cas1hpv10.diplobel.net;Wed Mar 18 08:08:17 2020;Wed Mar 18 08:09:35 2020;false;19506;None; 'Nessus Scan Information';summary; 'Settings' ;;
10.80.71.10;;;;;cas1hpv10.diplobel.net;Wed Mar 18 08:08:17 2020;Wed Mar 18 08:09:35 2020;false;10180;None; 'Ping the remote host';remote; 'Port scanners' ;;
10.80.67.160;;;;;apc917f3b.diplobel.net;Wed Mar 18 08:07:57 2020;Wed Mar 18 08:08:10 2020;false;19506;None; 'Nessus Scan Information';summary; 'Settings' ;;
10.80.67.160;;;;;apc917f3b.diplobel.net;Wed Mar 18 08:07:57 2020;Wed Mar 18 08:08:10 2020;false;11933;None; 'Do not scan printers';remote; 'Settings' ;;
10.80.67.160;;;;;apc917f3b.diplobel.net;Wed Mar 18 08:07:57 2020;Wed Mar 18 08:08:10 2020;false;10180;None; 'Ping the remote host';remote; 'Port scanners' ;;
10.80.67.103;;;;;;Wed Mar 18 08:07:47 2020;Wed Mar 18 08:08:52 2020;false;19506;None; 'Nessus Scan Information';summary; 'Settings' ;;
10.80.67.103;;;;;;Wed Mar 18 08:07:47 2020;Wed Mar 18 08:08:52 2020;false;10180;None; 'Ping the remote host';remote; 'Port scanners' ;;
10.80.67.102;;;;;;Wed Mar 18 08:07:47 2020;Wed Mar 18 08:08:52 2020;false;19506;None; 'Nessus Scan Information';summary; 'Settings' ;;
10.80.67.102;;;;;;Wed Mar 18 08:07:47 2020;Wed Mar 18 08:08:52 2020;false;10180;None; 'Ping the remote host';remote; 'Port scanners' ;;
10.80.67.90;;;;;rbt1sccm10.diplobel.net;Wed Mar 18 08:07:42 2020;Wed Mar 18 08:08:46 2020;false;19506;None; 'Nessus Scan Information';summary; 'Settings' ;;
10.80.67.90;;;;;rbt1sccm10.diplobel.net;Wed Mar 18 08:07:42 2020;Wed Mar 18 08:08:46 2020;false;10180;None; 'Ping the remote host';remote; 'Port scanners' ;;
10.80.67.70;;;;;rbt1chm10.diplobel.net;Wed Mar 18 08:07:34 2020;Wed Mar 18 08:08:52 2020;false;19506;None; 'Nessus Scan Information';summary; 'Settings' ;;
10.80.67.70;;;;;rbt1chm10.diplobel.net;Wed Mar 18 08:07:34 2020;Wed Mar 18 08:08:52 2020;false;10180;None; 'Ping the remote host';remote; 'Port scanners' ;;
10.80.67.50;;;;;rbt1bck10.diplobel.net;Wed Mar 18 08:07:32 2020;Wed Mar 18 08:08:40 2020;false;19506;None; 'Nessus Scan Information';summary; 'Settings' ;;
10.80.67.50;;;;;rbt1bck10.diplobel.net;Wed Mar 18 08:07:32 2020;Wed Mar 18 08:08:40 2020;false;10180;None; 'Ping the remote host';remote; 'Port scanners' ;;
10.80.67.40;;;;;rbt1sql01.diplobel.net;Wed Mar 18 08:07:24 2020;Wed Mar 18 08:08:34 2020;false;19506;None; 'Nessus Scan Information';summary; 'Settings' ;;
10.80.67.40;;;;;rbt1sql01.diplobel.net;Wed Mar 18 08:07:24 2020;Wed Mar 18 08:08:34 2020;false;10180;None; 'Ping the remote host';remote; 'Port scanners' ;;
10.80.67.30;;;;;rbt1nas10.diplobel.net;Wed Mar 18 08:07:24 2020;Wed Mar 18 08:08:39 2020;false;19506;None; 'Nessus Scan Information';summary; 'Settings' ;;
10.80.67.30;;;;;rbt1nas10.diplobel.net;Wed Mar 18 08:07:24 2020;Wed Mar 18 08:08:39 2020;false;10180;None; 'Ping the remote host';remote; 'Port scanners' ;;
10.80.67.20;;;;;rbt1fil10.diplobel.net;Wed Mar 18 08:07:23 2020;Wed Mar 18 08:08:21 2020;false;19506;None; 'Nessus Scan Information';summary; 'Settings' ;;
10.80.67.20;;;;;rbt1fil10.diplobel.net;Wed Mar 18 08:07:23 2020;Wed Mar 18 08:08:21 2020;false;10180;None; 'Ping the remote host';remote; 'Port scanners' ;;
10.80.67.15;;;;;rbt1dct10.diplobel.net;Wed Mar 18 08:07:23 2020;Wed Mar 18 08:08:27 2020;false;19506;None; 'Nessus Scan Information';summary; 'Settings' ;;
10.80.67.15;;;;;rbt1dct10.diplobel.net;Wed Mar 18 08:07:23 2020;Wed Mar 18 08:08:27 2020;false;10180;None; 'Ping the remote host';remote; 'Port scanners' ;;
10.80.67.10;;;;;rbt1hpv10.diplobel.net;Wed Mar 18 08:07:22 2020;Wed Mar 18 08:08:33 2020;false;19506;None; 'Nessus Scan Information';summary; 'Settings' ;;
10.80.67.10;;;;;rbt1hpv10.diplobel.net;Wed Mar 18 08:07:22 2020;Wed Mar 18 08:08:33 2020;false;10180;None; 'Ping the remote host';remote; 'Port scanners' ;;
10.80.63.160;;;;;apc917f46.diplobel.net;Wed Mar 18 08:06:54 2020;Wed Mar 18 08:07:04 2020;false;19506;None; 'Nessus Scan Information';summary; 'Settings' ;;
10.80.63.160;;;;;apc917f46.diplobel.net;Wed Mar 18 08:06:54 2020;Wed Mar 18 08:07:04 2020;false;11933;None; 'Do not scan printers';remote; 'Settings' ;;
10.80.63.160;;;;;apc917f46.diplobel.net;Wed Mar 18 08:06:54 2020;Wed Mar 18 08:07:04 2020;false;10180;None; 'Ping the remote host';remote; 'Port scanners' ;;
10.80.63.103;;;;;irmcalg1nas10.diplobel.net;Wed Mar 18 08:06:22 2020;Wed Mar 18 08:07:40 2020;false;19506;None; 'Nessus Scan Information';summary; 'Settings' ;;
10.80.63.103;;;;;irmcalg1nas10.diplobel.net;Wed Mar 18 08:06:22 2020;Wed Mar 18 08:07:40 2020;false;10180;None; 'Ping the remote host';remote; 'Port scanners' ;;
10.80.63.102;;;;;irmcalg1hpv10.diplobel.net;Wed Mar 18 08:06:22 2020;Wed Mar 18 08:07:36 2020;false;19506;None; 'Nessus Scan Information';summary; 'Settings' ;;
10.80.63.102;;;;;irmcalg1hpv10.diplobel.net;Wed Mar 18 08:06:22 2020;Wed Mar 18 08:07:36 2020;false;10180;None; 'Ping the remote host';remote; 'Port scanners' ;;
10.80.63.90;;;;;alg1sccm10.diplobel.net;Wed Mar 18 08:06:16 2020;Wed Mar 18 08:07:33 2020;false;19506;None; 'Nessus Scan Information';summary; 'Settings' ;;
10.80.63.90;;;;;alg1sccm10.diplobel.net;Wed Mar 18 08:06:16 2020;Wed Mar 18 08:07:33 2020;false;10180;None; 'Ping the remote host';remote; 'Port scanners' ;;
10.80.63.70;;;;;alg1chm10.diplobel.net;Wed Mar 18 08:06:09 2020;Wed Mar 18 08:07:24 2020;false;19506;None; 'Nessus Scan Information';summary; 'Settings' ;;
10.80.63.70;;;;;alg1chm10.diplobel.net;Wed Mar 18 08:06:09 2020;Wed Mar 18 08:07:24 2020;false;10180;None; 'Ping the remote host';remote; 'Port scanners' ;;
10.80.63.50;;;;;alg1bck10.diplobel.net;Wed Mar 18 08:06:03 2020;Wed Mar 18 08:07:18 2020;false;19506;None; 'Nessus Scan Information';summary; 'Settings' ;;
10.80.63.50;;;;;alg1bck10.diplobel.net;Wed Mar 18 08:06:03 2020;Wed Mar 18 08:07:18 2020;false;10180;None; 'Ping the remote host';remote; 'Port scanners' ;;
10.80.63.40;;;;;alg1sql01.diplobel.net;Wed Mar 18 08:05:58 2020;Wed Mar 18 08:07:10 2020;false;19506;None; 'Nessus Scan Information';summary; 'Settings' ;;
10.80.63.40;;;;;alg1sql01.diplobel.net;Wed Mar 18 08:05:58 2020;Wed Mar 18 08:07:10 2020;false;10180;None; 'Ping the remote host';remote; 'Port scanners' ;;
10.80.63.30;;;;;alg1nas10.diplobel.net;Wed Mar 18 08:05:53 2020;Wed Mar 18 08:07:12 2020;false;19506;None; 'Nessus Scan Information';summary; 'Settings' ;;
10.80.63.30;;;;;alg1nas10.diplobel.net;Wed Mar 18 08:05:53 2020;Wed Mar 18 08:07:12 2020;false;10180;None; 'Ping the remote host';remote; 'Port scanners' ;;
10.80.63.20;;;;;alg1fil10.diplobel.net;Wed Mar 18 08:05:48 2020;Wed Mar 18 08:07:10 2020;false;19506;None; 'Nessus Scan Information';summary; 'Settings' ;;
10.80.63.20;;;;;alg1fil10.diplobel.net;Wed Mar 18 08:05:48 2020;Wed Mar 18 08:07:10 2020;false;10180;None; 'Ping the remote host';remote; 'Port scanners' ;;
10.80.63.15;;;;;alg1dct10.diplobel.net;Wed Mar 18 08:05:42 2020;Wed Mar 18 08:07:01 2020;false;19506;None; 'Nessus Scan Information';summary; 'Settings' ;;
10.80.63.15;;;;;alg1dct10.diplobel.net;Wed Mar 18 08:05:42 2020;Wed Mar 18 08:07:01 2020;false;10180;None; 'Ping the remote host';remote; 'Port scanners' ;;
10.80.63.10;;;;;alg1hpv10.diplobel.net;Wed Mar 18 08:05:38 2020;Wed Mar 18 08:07:01 2020;false;19506;None; 'Nessus Scan Information';summary; 'Settings' ;;
10.80.63.10;;;;;alg1hpv10.diplobel.net;Wed Mar 18 08:05:38 2020;Wed Mar 18 08:07:01 2020;false;10180;None; 'Ping the remote host';remote; 'Port scanners' ;;
10.70.203.160;;;;;apc917ebc.diplobel.net;Wed Mar 18 08:04:57 2020;Wed Mar 18 08:05:15 2020;false;19506;None; 'Nessus Scan Information';summary; 'Settings' ;;
10.70.203.160;;;;;apc917ebc.diplobel.net;Wed Mar 18 08:04:57 2020;Wed Mar 18 08:05:15 2020;false;11933;None; 'Do not scan printers';remote; 'Settings' ;;
10.70.203.160;;;;;apc917ebc.diplobel.net;Wed Mar 18 08:04:57 2020;Wed Mar 18 08:05:15 2020;false;10180;None; 'Ping the remote host';remote; 'Port scanners' ;;
10.70.203.102;;;;;;Wed Mar 18 08:04:32 2020;Wed Mar 18 08:06:04 2020;false;19506;None; 'Nessus Scan Information';summary; 'Settings' ;;
10.70.203.102;;;;;;Wed Mar 18 08:04:32 2020;Wed Mar 18 08:06:04 2020;false;10180;None; 'Ping the remote host';remote; 'Port scanners' ;;
10.70.203.90;;;;;cpt1sccm10.diplobel.net;Wed Mar 18 08:04:23 2020;Wed Mar 18 08:06:08 2020;false;19506;None; 'Nessus Scan Information';summary; 'Settings' ;;
10.70.203.90;;;;;cpt1sccm10.diplobel.net;Wed Mar 18 08:04:23 2020;Wed Mar 18 08:06:08 2020;false;10180;None; 'Ping the remote host';remote; 'Port scanners' ;;
10.70.203.70;;;;;cpt1chm10.diplobel.net;Wed Mar 18 08:04:15 2020;Wed Mar 18 08:05:46 2020;false;19506;None; 'Nessus Scan Information';summary; 'Settings' ;;
10.70.203.70;;;;;cpt1chm10.diplobel.net;Wed Mar 18 08:04:15 2020;Wed Mar 18 08:05:46 2020;false;10180;None; 'Ping the remote host';remote; 'Port scanners' ;;
10.70.203.50;;;;;cpt1bck10.diplobel.net;Wed Mar 18 08:04:08 2020;Wed Mar 18 08:05:42 2020;false;19506;None; 'Nessus Scan Information';summary; 'Settings' ;;
10.70.203.50;;;;;cpt1bck10.diplobel.net;Wed Mar 18 08:04:08 2020;Wed Mar 18 08:05:42 2020;false;10180;None; 'Ping the remote host';remote; 'Port scanners' ;;
10.70.203.40;;;;;cpt1sql01.diplobel.net;Wed Mar 18 08:04:02 2020;Wed Mar 18 08:05:29 2020;false;19506;None; 'Nessus Scan Information';summary; 'Settings' ;;
10.70.203.40;;;;;cpt1sql01.diplobel.net;Wed Mar 18 08:04:02 2020;Wed Mar 18 08:05:29 2020;false;10180;None; 'Ping the remote host';remote; 'Port scanners' ;;
10.70.203.20;;;;;cpt1fil10.diplobel.net;Wed Mar 18 08:03:51 2020;Wed Mar 18 08:05:07 2020;false;19506;None; 'Nessus Scan Information';summary; 'Settings' ;;
10.70.203.20;;;;;cpt1fil10.diplobel.net;Wed Mar 18 08:03:51 2020;Wed Mar 18 08:05:07 2020;false;10180;None; 'Ping the remote host';remote; 'Port scanners' ;;
10.70.203.15;;;;;cpt1dct10.diplobel.net;Wed Mar 18 08:03:47 2020;Wed Mar 18 08:05:23 2020;false;19506;None; 'Nessus Scan Information';summary; 'Settings' ;;
10.70.203.15;;;;;cpt1dct10.diplobel.net;Wed Mar 18 08:03:47 2020;Wed Mar 18 08:05:23 2020;false;10180;None; 'Ping the remote host';remote; 'Port scanners' ;;
10.70.203.10;;;;;cpt1hpv10.diplobel.net;Wed Mar 18 08:03:42 2020;Wed Mar 18 08:05:23 2020;false;19506;None; 'Nessus Scan Information';summary; 'Settings' ;;
10.70.203.10;;;;;cpt1hpv10.diplobel.net;Wed Mar 18 08:03:42 2020;Wed Mar 18 08:05:23 2020;false;10180;None; 'Ping the remote host';remote; 'Port scanners' ;;
10.70.199.160;;;;;apc917f98.diplobel.net;Wed Mar 18 08:03:08 2020;Wed Mar 18 08:03:30 2020;false;19506;None; 'Nessus Scan Information';summary; 'Settings' ;;
10.70.199.160;;;;;apc917f98.diplobel.net;Wed Mar 18 08:03:08 2020;Wed Mar 18 08:03:30 2020;false;11933;None; 'Do not scan printers';remote; 'Settings' ;;
10.70.199.160;;;;;apc917f98.diplobel.net;Wed Mar 18 08:03:08 2020;Wed Mar 18 08:03:30 2020;false;10180;None; 'Ping the remote host';remote; 'Port scanners' ;;
10.70.199.102;;;;;;Wed Mar 18 08:02:51 2020;Wed Mar 18 08:04:27 2020;false;19506;None; 'Nessus Scan Information';summary; 'Settings' ;;
10.70.199.102;;;;;;Wed Mar 18 08:02:51 2020;Wed Mar 18 08:04:27 2020;false;10180;None; 'Ping the remote host';remote; 'Port scanners' ;;
10.70.199.90;;;;;jnb1sccm10.diplobel.net;Wed Mar 18 08:02:50 2020;Wed Mar 18 08:04:27 2020;false;19506;None; 'Nessus Scan Information';summary; 'Settings' ;;
10.70.199.90;;;;;jnb1sccm10.diplobel.net;Wed Mar 18 08:02:50 2020;Wed Mar 18 08:04:27 2020;false;10180;None; 'Ping the remote host';remote; 'Port scanners' ;;
10.70.199.70;;;;;jnb1chm10.diplobel.net;Wed Mar 18 08:02:42 2020;Wed Mar 18 08:04:44 2020;false;19506;None; 'Nessus Scan Information';summary; 'Settings' ;;
10.70.199.70;;;;;jnb1chm10.diplobel.net;Wed Mar 18 08:02:42 2020;Wed Mar 18 08:04:44 2020;false;10180;None; 'Ping the remote host';remote; 'Port scanners' ;;
10.70.199.50;;;;;jnb1bck10.diplobel.net;Wed Mar 18 08:02:35 2020;Wed Mar 18 08:04:17 2020;false;19506;None; 'Nessus Scan Information';summary; 'Settings' ;;
10.70.199.50;;;;;jnb1bck10.diplobel.net;Wed Mar 18 08:02:35 2020;Wed Mar 18 08:04:17 2020;false;10180;None; 'Ping the remote host';remote; 'Port scanners' ;;
10.70.199.40;;;;;jnb1sql01.diplobel.net;Wed Mar 18 08:02:30 2020;Wed Mar 18 08:04:15 2020;false;19506;None; 'Nessus Scan Information';summary; 'Settings' ;;
10.70.199.40;;;;;jnb1sql01.diplobel.net;Wed Mar 18 08:02:30 2020;Wed Mar 18 08:04:15 2020;false;10180;None; 'Ping the remote host';remote; 'Port scanners' ;;
10.70.199.20;;;;;jnb1fil10.diplobel.net;Wed Mar 18 08:02:14 2020;Wed Mar 18 08:04:09 2020;false;19506;None; 'Nessus Scan Information';summary; 'Settings' ;;
10.70.199.20;;;;;jnb1fil10.diplobel.net;Wed Mar 18 08:02:14 2020;Wed Mar 18 08:04:09 2020;false;10180;None; 'Ping the remote host';remote; 'Port scanners' ;;
10.70.199.15;;;;;jnb1dct10.diplobel.net;Wed Mar 18 08:02:14 2020;Wed Mar 18 08:04:07 2020;false;19506;None; 'Nessus Scan Information';summary; 'Settings' ;;
10.70.199.15;;;;;jnb1dct10.diplobel.net;Wed Mar 18 08:02:14 2020;Wed Mar 18 08:04:07 2020;false;10180;None; 'Ping the remote host';remote; 'Port scanners' ;;
10.70.199.10;;;;;jnb1hpv10.diplobel.net;Wed Mar 18 08:02:12 2020;Wed Mar 18 08:04:09 2020;false;19506;None; 'Nessus Scan Information';summary; 'Settings' ;;
10.70.199.10;;;;;jnb1hpv10.diplobel.net;Wed Mar 18 08:02:12 2020;Wed Mar 18 08:04:09 2020;false;10180;None; 'Ping the remote host';remote; 'Port scanners' ;;
10.70.191.160;;;;;apc917f72.diplobel.net;Wed Mar 18 08:01:27 2020;Wed Mar 18 08:01:47 2020;false;19506;None; 'Nessus Scan Information';summary; 'Settings' ;;
10.70.191.160;;;;;apc917f72.diplobel.net;Wed Mar 18 08:01:27 2020;Wed Mar 18 08:01:47 2020;false;11933;None; 'Do not scan printers';remote; 'Settings' ;;
10.70.191.160;;;;;apc917f72.diplobel.net;Wed Mar 18 08:01:27 2020;Wed Mar 18 08:01:47 2020;false;10180;None; 'Ping the remote host';remote; 'Port scanners' ;;
10.70.191.103;;;;;irmccai1nas10.diplobel.net;Wed Mar 18 08:00:43 2020;Wed Mar 18 08:02:11 2020;false;19506;None; 'Nessus Scan Information';summary; 'Settings' ;;
10.70.191.103;;;;;irmccai1nas10.diplobel.net;Wed Mar 18 08:00:43 2020;Wed Mar 18 08:02:11 2020;false;10180;None; 'Ping the remote host';remote; 'Port scanners' ;;
10.70.191.102;;;;;irmccai1hpv10.diplobel.net;Wed Mar 18 08:00:43 2020;Wed Mar 18 08:02:11 2020;false;19506;None; 'Nessus Scan Information';summary; 'Settings' ;;
10.70.191.102;;;;;irmccai1hpv10.diplobel.net;Wed Mar 18 08:00:43 2020;Wed Mar 18 08:02:11 2020;false;10180;None; 'Ping the remote host';remote; 'Port scanners' ;;
10.70.191.90;;;;;cai1sccm10.diplobel.net;Wed Mar 18 08:00:40 2020;Wed Mar 18 08:02:01 2020;false;19506;None; 'Nessus Scan Information';summary; 'Settings' ;;
10.70.191.90;;;;;cai1sccm10.diplobel.net;Wed Mar 18 08:00:40 2020;Wed Mar 18 08:02:01 2020;false;10180;None; 'Ping the remote host';remote; 'Port scanners' ;;
10.70.191.70;;;;;cai1chm10.diplobel.net;Wed Mar 18 08:00:39 2020;Wed Mar 18 08:02:11 2020;false;19506;None; 'Nessus Scan Information';summary; 'Settings' ;;
10.70.191.70;;;;;cai1chm10.diplobel.net;Wed Mar 18 08:00:39 2020;Wed Mar 18 08:02:11 2020;false;10180;None; 'Ping the remote host';remote; 'Port scanners' ;;
10.70.191.50;;;;;cai1bck10.diplobel.net;Wed Mar 18 08:00:26 2020;Wed Mar 18 08:01:47 2020;false;19506;None; 'Nessus Scan Information';summary; 'Settings' ;;
10.70.191.50;;;;;cai1bck10.diplobel.net;Wed Mar 18 08:00:26 2020;Wed Mar 18 08:01:47 2020;false;10180;None; 'Ping the remote host';remote; 'Port scanners' ;;
10.70.191.40;;;;;cai1sql01.diplobel.net;Wed Mar 18 08:00:22 2020;Wed Mar 18 08:01:45 2020;false;19506;None; 'Nessus Scan Information';summary; 'Settings' ;;
10.70.191.40;;;;;cai1sql01.diplobel.net;Wed Mar 18 08:00:22 2020;Wed Mar 18 08:01:45 2020;false;10180;None; 'Ping the remote host';remote; 'Port scanners' ;;
10.70.191.30;;;;;cai1nas10.diplobel.net;Wed Mar 18 08:00:22 2020;Wed Mar 18 08:01:52 2020;false;19506;None; 'Nessus Scan Information';summary; 'Settings' ;;
10.70.191.30;;;;;cai1nas10.diplobel.net;Wed Mar 18 08:00:22 2020;Wed Mar 18 08:01:52 2020;false;10180;None; 'Ping the remote host';remote; 'Port scanners' ;;
10.70.191.20;;;;;cai1fil10.diplobel.net;Wed Mar 18 08:00:20 2020;Wed Mar 18 08:01:43 2020;false;19506;None; 'Nessus Scan Information';summary; 'Settings' ;;
10.70.191.20;;;;;cai1fil10.diplobel.net;Wed Mar 18 08:00:20 2020;Wed Mar 18 08:01:43 2020;false;10180;None; 'Ping the remote host';remote; 'Port scanners' ;;
10.70.191.15;;;;;cai1dct10.diplobel.net;Wed Mar 18 08:00:20 2020;Wed Mar 18 08:01:42 2020;false;19506;None; 'Nessus Scan Information';summary; 'Settings' ;;
10.70.191.15;;;;;cai1dct10.diplobel.net;Wed Mar 18 08:00:20 2020;Wed Mar 18 08:01:42 2020;false;10180;None; 'Ping the remote host';remote; 'Port scanners' ;;
10.70.191.10;;;;;cai1hpv10.diplobel.net;Wed Mar 18 08:00:20 2020;Wed Mar 18 08:01:52 2020;false;19506;None; 'Nessus Scan Information';summary; 'Settings' ;;
10.70.191.10;;;;;cai1hpv10.diplobel.net;Wed Mar 18 08:00:20 2020;Wed Mar 18 08:01:52 2020;false;10180;None; 'Ping the remote host';remote; 'Port scanners' ;;
